Nome Exposição,Data de Início,Data de Fim,Texto,Artista(s)
Exposição Colectiva,16/11/2024,18/01/2025,"Exposição Colectiva inserida no âmbito das Inaugurações Simultâneas de Miguel Bombarda, conta com obras de 27 artistas
 ","António Charrua, Armanda Passos, Alexandre Coxo, Cristina Rodrigues, Daniel Eime, Diogo Landô, Duarte Vitória, Eduardo Verde Pinho, Filipe Rodrigues, Francisca Neves, Gustavo Fernandes, João Noutel, José Silva, Juan Ricardo Nordlinger, Júlio Cunha, Mafalda Mendonça, Manuel Cargaleiro, Manuela Mendes Da Silva, Mariana Duarte Santos, Mário Vitória, Miguel Neves Oliveira, Paulo Neves, Paulo Ossião, Paulo Tanoeiro, Regina Ramos, Renata Carneiro, Vieira Saraiva"
Encontro Improvável,21/09/2024,09/11/2024,"""(...) Francisco apresenta-nos um estado de permanente sonho, onde cada aspeto, mesmo aqueles que nos parecem mais verosímeis, estão envoltos em impossibilidade, em estados de incompatibilidade ou de distintas temporalidades. Cada imagem sobrepõe tempos e contextos distintos, com origem na sua experiência de vida, ou nas diferentes geografias por onde se foi fixando. Cada narrativa convida a olhar com desconfiança a aparente coerência das descrições que nos são dadas a observar, onde os tempos e as personagens são atores tanto físicos como memórias. (...)
As obras expostas são, ainda, um testemunho da habilidade técnica de Badilla e da sua capacidade de tecer (...)
Domingos Loureiro
Prof. FBAUP
 ",Francisco Badilla 
Pequeno Tratado Das Grandes Virtudes,21/09/2024,09/11/2024,"O “pequeno” e belo livro homónimo do filósofo francês André Comte-Sponville com enorme impacto abriu novos horizontes, contribuindo para a reflexão e conhecimento de ideias e ideais, fundamentais para compreensão da humanidade.
Importantes desde sempre, mas agora, mais do que nunca, as “grandes” virtudes são vitais para a confrontação e superação de tempos incertos e difíceis.
São valores morais e a forma de ser e agir humanamente, através de poderes específicos e de forças para além do instinto.(...)",Paulo Ponte 
"Al-Rábita
Pinturas Da Arrábida",21/09/2024,09/11/2024,"O nome Arrábida, de origem desconhecida, está possivelmente associado a uma palavra de origem árabe, “al-rábita”, significando “local de oração”. Apesar da inacessível explicação da origem do nome, este justifica-se na atmosfera de recolhimento e aura de sacralidade proporcionadas. Numa lógica de percurso associada a manifestações do natural, do sagrado e do profano, estas representações da Arrábida propõem um percurso pictórico como transcrição de um percurso geográfico entre dois espaços sagrados: o Cabo Espichel, no extremo poente, e o convento da Arrábida, no coração da serra. Esta recolha de vistas pretende constituir-se como um conjunto de encenações atentas a uma Arrábida silenciosa e ponderada, tal como o seu topónimo sugere. Nestes silêncios, são propostas extensões desse local de oração, recolhimento e contemplação.",Pedro Coutinho
Exposição Colectiva,06/07/2024,14/09/2024,"Exposição Colectiva inserida no âmbito das Inaugurações Simultâneas de Miguel Bombarda, conta com obras de 26 artistas
 ","Alberto Carneiro, Alexandre Coxo, Ana Monteiro, António Charrua, Arisca, Armanda Passos, Diogo Landô, Eduardo Verde Pinho, Filipe Rodrigues, Franchini, Gustavo Fernandes, Hazul, Ivan Postiga, Jaime Isidoro, Leonardo Quintela, Mafalda Mendonça, Manuela Mendes Da Silva, Mariana Ptks, Mário Vitória, Martinho Dias, Mynameisnotsem, Paulo Ossião, Paulo Tanoeiro, Regina Ramos, Renata Carneiro, Tiago Sousa"
Summer,11/05/2024,29/06/2024,"""O uso regular de João Noutel da ironia para evocação da dicotomia força, sucesso ou felicidade versus fragilidade, amargura ou tristeza, fracasso etc é aqui sempre acompanhado de uma enorme dose de esperança, sensualidade e leveza evidentes numa declarada subtileza no tratamento concreto, levantando questões sobre os ruídos sociais do mundo contemporâneo.""",João Noutel
"Os Objectos, São Só Objectos?",11/05/2024,29/06/2024,"""Memória e emoção transparecem no objecto em foco na obra de Juan Nordlinger.
O artista conduz-nos em viagem intensa pelos sentidos entre o dia e a noite, suportando toda esta sensação, plena de sensibilidade, num mundo de cor, ora harmonioso e cheio de luminosidade, ora melancólico e intimista, entre sombras; mas que nos prende e, obrigatoriamente, incumbe a uma observação demorada em cada figura, em cada traço e intenção.""",Juan Ricardo Nördlinger
Exposição De Pintura,11/05/2024,29/06/2024,"""A obra de Nuno Santiago (PT, 1956) pauta-se pelo experimentalismo abstracto e purismo das formas e volumes,
buscando um equilíbrio que se pretende livre de elementos concretos; apenas simbólicos.
Os primeiros anos da sua formação artística acontecem no Rio de Janeiro, anos 70, onde apesar do regime militar vigente à data, crescia a necessidade de criar políticas culturais e artísticas em ruptura com técnicas, géneros e suportes ditos tradicionais, levando-o ao crescente interesse pela linguagem abstracta e experimental. Na década seguinte parte para Macau, tornando-se bolseiro da Fundação Oriente, com a qual mantem relação até aos dias de hoje, e deixa-se permear pela estética oriental.
Na pintura, traz às telas uma forte depuração formal e conceptual, através de uma paleta cromática de tons terra, à qual une, recorrentemente, a textura do papel chinês, revelando uma linguagem muito pessoal, na qual a composição e a matéria assumem a intenção artística.(...)",Nuno Santiago
Pedaços,16/03/2024,04/05/2024,"Um Artista Verdadeiro

Apresentar uma exposição individual do Paulo Neves na Ap’Arte era uma vontade antiga. Uma vontade não só alicerçada na sua notável obra mas também na natureza ímpar do artista.
Paulo Neves é um artista verdadeiro. A sua obra traduz com transparência a sua natureza criativa, curiosa e plural ao mesmo tempo que espelha a sua enorme consistência, coerência e harmonia. Concilia um resultado estético belo e reconfortante com a capacidade de nos questionar sobre a nossa relação com a natureza, o nosso compromisso com as gerações futuras ou o empenho em conter o instinto destruidor da humanidade.
Ângelo Paupério
 ",Paulo Neves
Naturaleza,20-01-2024,09/03/2024,"A corrente térmica Cris S-Villegas
Térmica: corrente de ar ascendente gerada pelo aquecimento da superfície terrestre e utilizada por pássaros e planadores.
Cris S-Villegas é uma pintora termal; por vezes, as suas obras emanam uma temperatura que nos conduz inevitavelmente à sensação quente e nostálgica de ter encontrado um fragmento de um passado iconográfico dourado, e outras vezes a um gesto contemporâneo de devoção à natureza. Talvez as duas abordagens sejam uma e a mesma coisa, a combinação perfeita numa obra de arte cuja contemplação nos transforma.
",Cris Villegas
Lugar,20-01-2024,09/03/2024,"O lugar é uma porção de espaço, um sítio, um ponto.
Este LUGAR, como espaço de geração, de criação, é um lugar natural de intersecção de ideias onde convergem pensamento e emoção.
Esta exposição apresenta o lugar como uma paisagem que se transforma, representando uma viagem em que se imagina, em que se encontra um instante na natureza, para que seja um ponto de encontro entre a paisagem evocativa e a paisagem que nos conta histórias. É, pois, na transição entre a ideia e a representação que reside toda a tensão narrativa de LUGAR",Isabel Pintado
Figuras,20-01-2024,09/03/2024,"“Figuras”, de Eduardo Verde Pinho (PT, 1962) retoma o sentido figurativo e bidimensional da pintura, num núcleo de 13 pinturas produzidas ao longo do último ano de 2023.
Nesta que é a sua 4ª exposição individual na AP’ARTE Galeria, Eduardo Verde Pinho evoca memórias da sua primeira exposição aqui realizada, e retoma à intimidade da série “Corpos” de 2010, num momento mais reflexivo e introspectivo, em contraponto com a energia e matéria que normalmente deposita nas suas obras de forte cariz urbano, como que arrancadas dos muros e paredes das cidades por onde atentamente circula.
Este conjunto de obras remete-nos para um imaginário de corpos enigmáticos, que evidencia a linguagem grotesca que caracteriza esta fase da obra do artista, que conta histórias reais ou surreais, que nos remetem para actos comuns ou fantasias intimistas, como que vistas através de uma película de filme.",Eduardo Verde Pinho
Exposição Colectiva,11/11/2023,13/01/2024,"Exposição Colectiva inserida no âmbito das Inaugurações Simultâneas de Miguel Bombarda, conta com obras de 28 artistas
 ","Ana Aragão, António Charrua, Daniela Guerreiro, Filipe Rodrigues, Franchini, Georg Scheele, Hazul, Isabel Mourão, Ivan Postiga, Jas, Jean Marie Boomputte, João Noutel, Jorge Charrua, José Emídio, José Silva, Juan Nordlinger, Juliana Ribeiro, Mafalda Mendonça, Manuel Cargaleiro, Manuela Mendes Da Silva, Mário Vitória, Patrícia Herédia, Paulo Ossião, Pedro Coutinho, Regina Ramos, Renata Carneiro, Roberto Chichorro, Tiago Sousa"
"Blossom
",23/09/2023,04/11/2023,"“Blossom” na AP’ARTE Galeria marca a primeira exposição individual de Cristina Rodrigues na sua cidade natal, o Porto, e a sua primeira retrospetiva. Continuando o seu interesse pelas fitas de cetim como material de produção artística e ferramenta para abordar, conforme citado pela artista, uma “jornada pessoal enquanto mulher portuguesa num contexto global para um fantástico mundo de simbolismos”, centra a sua atenção, desta vez, em atos primitivos como polinizar, florescer e desabrochar e em meios modestos como a pintura emacrílico sobre papel de algodão e sobre linho. Nos últimos 10 anos, o labor que Cristina Rodrigues dedica à produção das suas obras é pautado por um carácter especulativo e experimental, que se torna quase tão importante na forma como na substância das histórias que revela. As obras materializam um sentido de ‘campo’, – de uma cultura local e doméstica que é infinitamente complexa, contraditória, fragmentada e rasgada pela paixão, ganância, generosidade, amor, ódio, ciúme, ambição, volúpia física – todos estes sentimentos, e muito mais, fazem parte da soma do seu ato criativo. Cristina Rodrigues (Porto, n.1980) é, indiscutivelmente, uma das artistas portuguesas mais relevantes e influentes dos últimos anos, no cruzamento entre a arte, a cultura vernácula, a tradição rural e a paisagem.
Ricardo Camacho
Curador",Cristina Rodrigues
"Universo, Gesto E Legado",13/05/2023,16/09/2023,"É impossível saber o caminho pelo qual se percorre a criatividade. É uma receita incerta, cujos ingredientes misturam um tanto de subjetividade, fantasia e sonho, com quantidades elevadas da realidade social, política e económica vivida pelo artista. E ainda tem doses cavalares do passado, suas raízes e tradições. Nesta exposição, trabalhos recentes de treze artistas da Galeria Underdogs foram selecionados para serem apresentados na Ap'arte Galeria e pincelar três desses espectros: emoção [universo particular], política [um gesto no mundo] e tradição [(in)conformismo e legado].","Add Fuel, Akacorleone, André Da Loba, André Saraiva, Escif, Fiumani, Jonone, Julien Raffin, +-Maismenos+-, Estudio Pedrita, Raquel Belli, Tamara Alves, Wasted Rita"
O Silêncio Dos Sonhos,20/03/2023,08/05/2023,"A exposição de pintura “O silêncio dos sonhos” concretiza a imaterialidade dos sentimentos e das memórias, percorrendo espaços imaginados onde habitam corpos profundos. A vida, que floresce feminina, estende-se ligando a realidade e o sonho, num equilíbrio impaciente entre o silêncio e o turbilhão.",Mafalda Mendonça
De Pedra E Bronze,19/03/2023,07/05/2023,"Tudo começa na pedra e acaba na pedra.
 O “bronze” é uma passagem... para uma “outra margem”

Luís Amado
",Luís Amado
A Poética Do Olhar,18/03/2023,06/05/2023,"Recorrente, no meu trabalho enquanto pintor, o recurso a um conjunto de referências visuais de toda a ordem, memórias e referências de vida que me importam, objectos dessas vivências, reais ou imaginários, povoam, desde há muito tempo, todas as construções visuais/quadros que vou realizando, sempre habitados por figuras, normalmente sem identidade e sem nome, como se a espécie humana se possa rever em cada uma dessas figuras. Na exposição que aqui se apresenta, todo esse universo de referências se reduz e pretende representado nos olhares, olhares de figuras/mulher, por vezes velado com uma irreverente presença de uma figura em segundo plano que nos questiona (...)
 José Emídio",José Emídio
Exposição Colectiva,12/11/2022,13/01/2023,"Exposição Colectiva inserida no âmbito das Inaugurações Simultâneas de Miguel Bombarda, conta com obras de 27 artistas
 ","Ana Monteiro, António Charrua, Armanda Passos, Eduardo Verde Pinho, Filipe Rodrigues, Franchini, Gracinda Candeias, Gustavo Fernandes, Ivan Postiga, Jean Marie Boomputte, João Cutileiro, João Noutel, José Silva, Leonardo Quintela, Mafalda Mendonça, Manuela Mendes Da Silva, Margarida Gil, Mário Vitoria, Nuno Santiago, Patrícia Herédia, Paulo Ossião, Paulo Tanoeiro, Pedro Coutinho, Regina Ramos, Roberto Chichorro, Simão Sousa Branca, Susana Bravo"
Viagens Em Pedra,24/09/2022,05/11/2022,"Viagens em Pedra, intitula a exposição da escultora originára dos Países Baixos, actualmente a viver em Portugal.
Cerca de 10 obras esculpidas em diferentes tipos de pedra em união com outros materiais, caracterizam a exposição de José van den Hoogen ",José Van Den Hoogen
Fuga Da Morte,24/09/2022,05/11/2022,"Um dos pontos de partida na obra Jos van den Hoogen é a sua preocupação com a condição humana. Nesta série de trabalhos, estuda como pode exprimir a sua relação com o Holocausto como pintor, partindo do poema Todesfuge de Paul Celan.",Jos Van Den Hoogen
Borders,24/09/2022,05/11/2022,"""Como muitas outras pessoas, fiquei bastante surpreso e afetado pelo lockdown após o surto da pandemia de Covid- 19 e as suas implicações em nossas vidas diárias. As restrições impostas ao nosso cotidiano parecem uma fonte de inspiração.
As pinturas que faço em 2020 até o início de 2022 são muito influenciadas pelo vírus. Eu experimentei um mundo interior e exterior. Ambos os mundos são divididos por uma linha que representa uma área de turbulência com possíveis opções e escolhas que precisamos tomar.""

Marco Rooth",Marco Rooth
Trevo,24/09/2022,05/11/2022,"“Trevo” é um projecto que nasce fruto da amizade entre a artista plástica Marian van der Zwaan e Maria Cardoso, de etnia cigana.
Juntas criaram um produto de arte/design, socio-cultural e auto-sustentável, desenvolvido também para proporcionar independência financeira e autonomia para mulheres ciganas em Portugal.
O projecto consiste em milhares de peças de camurça, baseado em “patchwork” contemporâneo, que serão integradas em peças para o mercado de arte e design. “Trevo” usa padrões usa padrões geométricos que criam ilusões ópticas em 3D. A ilusão óptica que engana a nossa vista, fazendo-a ver imagens que não correspondem à realidade. É possível ver ou interpretar coisas que não são óbvias, tal como acontece no nosso quotidiano...
“Trevo” distingue-se pela exigência na costura e design colocando a qualidade e inovação à frente do tempo necessário para completar as obras.",Marian Van Der Zwaan & Maria Cardoso
Se As Paredes Falassem,02/07/2022,17/09/2022," Não vale a pena ignorar nem fingir que não é importante: a street art veio para ficar. Longe vão os tempos do jovem vândalo, do ativista, do pintor que gosta de pintar na rua porque sim. Hoje os street artists assumem-se artistas multi-disciplinares, que trabalham contextos e ideias próprias, cada qual com a sua individualidade, expressão, e identidade.
Esta exposição tenta mostrar um corte transversal do que o Porto tem gerado: 8 artistas, cada qual com a sua forma de criar, todos eles influentes, de uma forma ou de outra, no que tem vindo a nascer nas paredes (...)
João Kendall","Arisca, Berri Blue, Hazul, Mariana Ptks, Mynameisnotsem, Oaktree, Projecto Ruído, Sorte"
"Porto Água, Porto Cor",19/03/2022,25/06/2022,"A cor, veículo de expressão de sensações, sonhos e realidades, a pintura a par de todas as formas de arte.
A água e cor na arquitectura do Porto, ferramenta de equilíbrio do sentir e emoção estética.
E também a figura humana na alma e na realidade da cidade, na transparência das várias perspectivas e das infinitas tonalidades da água.
Uma viagem pela cidade, envolvência de formas e cores. Água sobre o papel.",Paulo Ossião
Exposição De Pintura Sobre Papel,19/03/2022,25/06/2022,"Uma mostra de 27 obras sobre papel que Charrua executou na sua maioria entre a década de 50 e 60, representando visões urbanas, do mar (barcos) e do campo, num registo de imagens concentrado no domínio da composição e dos motivos, mais do que na intenção cromática que virá a ser um dos grandes motes na sua pintura.",António Charrua 
O Lume E A Fuligem: Polaroids Sx-70 (1981-1984),19/03/2022,25/06/2022,"Serão apresentadas, na sua grande maioria pela primeira vez, cerca de 70 imagens fotográficas Polaroid SX70, utilizando uma tecnologia revolucionária na época, nunca ultrapassada e actualmente desaparecida com a insolvência da empresa americana Polaroid, localizada perto de Boston. Uma tecnologia muito a frente do seu tempo, utilizando pigmentos metálicos, o que explica a permanência das cores e da definição nas imagens, tal como se tivessem sido acabadas de ser expostas e reveladas neste processo de fotografia instantânea.
Cronologicamente as imagens foram realizadas entre o final de 1979 e 1984. 
Júlio de Matos",Júlio De Matos
Exposição Colectiva,09/11/2021,12/03/2022,"Exposição Colectiva inserida no âmbito das Inaugurações Simultâneas de Miguel Bombarda, conta com obras de 26 artistas
 ","Alexandre Cabrita, Ana Aragão, Ana Maria, Ana Monteiro, Ana Vidigal, António Charrua, Armanda Passos, Clara Vicente, Diogo Goes, Elizabeth Leite, Franchini, Glyn Uzzel, Gustavo Fernandes, Jaime Isidoro, Jaime Rico, João Cutileiro, José Silva, Mafalda Mendonça, Manuel Cargaleiro, Manuela Mendes Da Silva, Mário Vitória, Paulo Neves, Paulo Ossião, Roberto Chichorro, Silva Lima
"
O Mundo Da Mulher,23/09/2021,30/10/2021,"Nunca fui tão consciente como agora da responsabilidade do criador, como transgressor de ideias e estéticas. Temos de abrir janelas para o “novo” a partir de dados que se conhecem, para podermos entrar no descobrimento do desconhecido.
Com muita razão escrevia Keith Harring: “que o papel do criador de imagens não se pode equiparar aos criadores de há cem anos, cinquenta nem mesmo aos de dez anos atrás. O ritmo de mudanças acelera-se a uma velocidade cada vez maior e o artista deve adaptar-se a essas mutações”.",Maria João Oliveira
Exposição De Pintura,23/09/2021,30/10/2021,"9LvB
Intitulando-se o “poeta dos sons”, Beethoven representa o génio transformador, inconformado com a realidade, que luta pela liberdade artística, de escolha, política, de credo e a individual em todos os aspectos da vida.
Compôs 398 obras, mas seriam as sinfonias o foco da sua energia, tornando-se o paradigma do género.

Madame&Mademoiselle
A beleza sempre foi um possível fim da arte, mas nunca suficiente para a definir ou para ser a razão da sua existência.
Kant afirmava que “Uma obra de arte não é a representação de uma coisa bela, mas a representação bela de uma coisa”, é sempre contrariado pelas inumeráveis
representações que nunca conseguiram, nem conseguirão, aproximar-se da infinita beleza original.",Paulo Ponte 
"Mitologia, Ambiências Urbanas, Monumentos Icónicos",23/09/2021,30/10/2021,"Nesta exposição do artista Paulo Tanoeiro, podemos viajar pelos últimos trabalhos da sua obra plástica, desenhos com a utilização de diferentes técnicas e cuja inspiração deriva das mais diversas origens.
Nessas obras, com desenhos a pena, tinta da china sobre papel e aguadas, representando temas sobre mitologia, ambiências urbanas,
monumentos icónicos e singulares em diferentes cidades que teve oportunidade de visitar.
Podemos apreciar ainda paisagens, interiores de monumentos singulares como por exemplo o interior dos Jerónimos feitos a tinta da china em grande formato, e ainda aspetos em cidades como Nova Iorque, Porto, Coimbra, onde a técnica de (...)
Paulo Tanoeiro",Paulo Tanoeiro
Regresso,22/05/2021,18/09/2021,"A componente iconográfica e metafórica do universo criativo da Obra de João Noutel, explora de forma subtil e irónica alguns paradoxos da condição humana (sejam a felicidade, a fama, a ilusão, a tensão, o desejo, etc) através de mecanismos narrativos complexos, instrumentalizando o desenho e as imagens, desconstruindo-os em diferentes suportes (seja em mdf, tapeçaria, tela, fibra de vidro, etc) através duma linguagem plástica limpa e rigorosa, com impacto visual, procurando os limites possíveis para a força gráfica da pintura.

“Não confundir exuberância cromática com artificialidade.
A côr é fundamental, distrai, impacta, contribui para a experiência visual.
Mas o que me (...)
João Noutel",João Noutel
"So, I Was Takin’ A Walk The Other Day",22/05/2021,18/09/2021,"Simão Sousa Branca concentra-se em explorar o ambiente multicultural que sempre o absorveu. Particularmente movido pela inspiração musical, ele trabalha a partir das emoções despertadas pelos gênios que há muito admira. O seu trabalho é inteiramente dedicado a camadas policromáticas, físicas e emocionais.",Simão Sousa Branca
Ouvir O Musgo A Crescer,13/11/2020,15/05/2021,"(...) Pode imaginar-se a minha alegria ao encontrar o Mário Vitória, o único colecionador de musgos que conheci em toda a minha vida! (...)

Boaventura de Sousa Santos in
Professor Catedrático Jubilado da Faculdade de Economia da Universidade de Coimbra",Mário Vitória
Exposição Colectiva,13/11/2020,15/05/2021,"Exposição Colectiva inserida no âmbito das Inaugurações Simultâneas de Miguel Bombarda, conta com obras de 10 artistas
","António Charrua, Arman,  Armando Alves, Costa Pinheiro, Cruzeiro Seixas, José De Guimarães, Paulo Ossião, Rafael Canogar, Roberto Chichorro, Rogério Ribeiro"
Um Mundo Ap'Arte - 10º Aniversário,17/03/2020,20/06/2020,"Exposição Comemorativa do 10º Aniversário da Galeria AP'ARTE.
Como forma de agradecimento a todos os que fazem parte deste percurso crescente e com o intuito de celebrar, de forma especial, o seu 10º aniversário, a AP’ARTE Galeria apresenta, à semelhança do que aconteceu em 2015, a exposição “Um Mundo AP’ARTE”, onde estão representados artistas fundamentais da História da Arte do século XX. Abrem-se as portas ao Futuro, que se constrói pela imprescindível coesão com as referências maiores do Passado, através de um momento de irrepetível contemplação.","A. R. Penk, Albert Gleizes, Alex Katz, Andre Lanskoy, Andy Warhol, Antoni Tàpies, António Charrua, Arman, Arpad Szenes, Helena Almeida, Jason Martin, Joan Miró, Joana Vasconcelos, Karel Appel, Lucebert, Manuel Cargaleiro, Nadir Afonso, Pablo Picasso, Paula Rego, Peter Halley, Robert Delaunay, Salvador Dali, Serge Poliakoff, Sol Lewitt, Vieira Da Silva"
Um Ano Depois...,18/01/2020,07/03/2020,"Exposição Colectiva inserida no âmbito das Inaugurações Simultâneas de Miguel Bombarda, conta com obras de 25 artistas
","Alberto Tolentino, Andreia Pereira, Balbina Mendes, Cassandra Pereira, Daniela Pinheiro, Daniela Ribeiro, David Capela, Filipe Rodrigues, Francisco Badilla, Ivan Postiga, Javier Velasco, João Miguel Ramos, Juliana Ribeiro, Luís Baltar, Luís Ferreira, Madalena Pinto, Mariana Esteves Pereira, Martín Hernandez, Pedro Coutinho, Regina Ramos, Rita Leite, Sabina Couto, S. Cochrane, Susana Bravo, Tatyana Arruda"
...Histórias Que Se Contam...,09/11/2019,11/01/2020,"Na exposição de pintura com o título “...histórias que se contam...”, as obras revelam um imaginário particular, através de narrativas que evocam o sonho e se abrem como janelas, através das quais se pode sair a voar.",Mafalda Mendonça
Ecos De Existência,09/11/2019,11/01/2020,"“Procuro em mim, por entre camadas de tempo o sentido de cada gesto. Impreterivelmente dou por mim a desenhar as mesmas linhas, a modelar a mesma forma em barro, a esculpir a mesma pedra.

Volto de forma constante às mesmas ideias primordiais como se as dezenas de obras não fossem ainda suficientes para explanar o meu sentir. A insatisfação habita em mim e leva-me a repetidamente procurar na matéria a realização dessas ideias sem, no entanto, conseguir vislumbrar a sua conclusão.

No decorrer do processo, na fase mental criativa ou na fase física e oficinal, sou premiado com breves momentos de lucidez e nestes escassos segundos sinto uma satisfação plena na realização da peça, breves (...)
Rogério Timóteo
Escultor",Rogério Timóteo
Exposição De Pintura,21/09/2019,02/11/2019,"A arte abstrata ou abstracionismo de Franchini é uma forma de arte que não representa objetos próprios da nossa realidade concreta, muito pelo contrário usa e abusa das relações formais entre cores fortes, linhas e superfícies para compor a realidade da obra, de uma maneira livre, solta, com formas indefinidas, sem a representação de um objeto, paisagens ou pessoas, mas com níveis de estética elevados.",Franchini
Deambulações,21/09/2019,02/11/2019,"Na ânsia de conhecer e percorrer caminhos novos, na esperança de um dia encontrar o meu, quem sabe!
Leva-me a esta diferença, na ansiedade de querer e saber agora, o porquê das coisas e das gentes.
Talvez no mais umbilical de mim, a procura do sentimento humano mais puro.
A viagem encetada há muito, para o meu interior na procura do equilíbrio, podendo assim saciar, quem sabe a fome do sonho meu, perseguido em cada obra ou tema abordado.
São mutações, viagens, destinos, o viver o agora, sentindo a Arte no seu todo, como recurso que tenho, de respirar um dia de cada vez.
São as minhas verdades, desde que me conheço, não são os meus pontos finais, são só caminhos de espinhos de artista, acredito eu.

José Silva, 2019",José Silva
Exposição De Escultura,21/09/2019,02/11/2019,"Exposição Colectiva de Escultura, inserida no âmbito das Inaugurações Simultâneas de Miguel Bombarda, conta com obras de 7 escultores
","Bruno Da Cunha, Helena Fortunato, Isabel De Andrade, João Cutileiro, José António Nobre, Soledad Penalta, Zulmiro De Carvalho"
Lupa,29/06/2019,14/09/2019,"Nestes trabalhos, o olhar de Aline Setton está dirigido a relações entre camadas sobrepostas ao observar uma paisagem ou um conjunto de materiais. Formas reverberam no espaço e sugerem ligações inusitadas que servem como ponto de partida para as suas composições.
O processo é movido a momentos de conexões. Seja no caso de linhas que se encontram, formas que se encaixam ou mesmo no uso de ferramentas inusitados que acabam servindo precisamente a uma nova função.
Aline usa materiais impressos de fontes variadas para criar colagens e assim transformar o fluxo de imagens do dia-a-dia em composições geométricas abstratas. O resultado é uma sensação de escala e perspectiva (...)",Aline Setton
The Hidden Place,29/06/2019,14/09/2019,"São contos de um lugar escondido. Pedaços de histórias gastas de tanto serem contadas, de histórias que nunca foram ouvidas.
São contos que ficam para lá de nós e que são quem nós somos, tão impregnados no tecido áspero do nosso entendimento que não se revelam sem que da alma só nos restem farrapos de nenhuma coisa. São contos como linhas de seda fina, que nos costuram os panos rudes do ego e nos fazem inteiros por fora e estilhaços por dentro.
São as fábulas que se perderam nos lugares mais pálidos da nossa memória, os pedaços de canções que, talvez, nunca tenhamos chegado a ouvir. Os rostos sem cara que trazem no regaço os olhares todos, de cada multidão. ",Ana Monteiro
Um Por Um E Meio,29/06/2019,14/09/2019,"Na superfície de uma tela de “um e meio por um e meio” podem caber bocados de cidade, bocados de paredes e de quem os foi fazendo, e depois, num skyline, pode caber a cidade toda.
Podem caber e viver os meus artistas e o meu (mental) banco de imagens. Pode lá estar o infinito do anselm, a coroa do jean-michel, a perdida utopia de ho chi mim, o expresso do gil, uma cadeira vazia à francis ou james em flor.
No espaço de “um e meio por um e meio” até pode lá estar o homo e quem o batizou.
São obras dos anos de 2017 e 2018 onde também podem caber todos os meus anos.
 
Eduardo Verde Pinho",Eduardo Verde Pinho
Exposição De Pintura,04/05/2019,22/06/2019,Exposição individual de pintura do artista plástico Nuno Santiago.,Nuno Santiago
Presenças Invisiveis,04/05/2019,22/06/2019,"EXPOSIÇÃO COLETIVA DOS ALUNOS DO 1º ANO DO MESTRADO EM PINTURA DA FBAUP

Curadoria do Professor Francisco Laranjo","Alberto Tolentino, Ana Gomes, Andreia Pereira, Cassandra Pereira, David Capela, Francisco Badilla, Javier Velasco, João Miguel Ramos, Luís Baltar, Luís Ferreira, Madalena Pinto, Mariana Esteves Pereira, Martín Hernandez, Mateusz Patrzyk De Oliveira, Susabna Cochrane, Tatyana Arruda, Theresa Albercht"
Mundo Sonhado,09/03/2019,27/04/2019,"Exposição individual do pintor António Macedo, onde podemos observar como o seu trabalho é essencialmente focado em pintura a óleo, tendo como temas principais o retrato, a forma feminina, os panejamentos, naturezas-mortas, realismo simbólico / mágico, vida e cenas do quotidiano.
",António Macedo
Ruralidades,09/03/2019,27/04/2019,"Nesta exposição individual, Jorge Bacelar mostra ao público como a sua profissão (Veterinário) o inspirou nas obras apresentadas, tendo-lhe permitido conhecer os protagonistas das mesmas: os agricultores e seus animais. Com uma qualidade crua, quase que pintadas, estas fotografias mostram bem a relação próxima entre o fotógrafo e os fotografados.",Jorge Bacelar
Medir O Tempo E Contar O Espaço,19/01/2019,02/03/2019,"A exposição Medir o Tempo e Contar o Espaço apresenta 14 autores, ligados pela sua formação recente em pintura na Faculdade de Belas Artes da Universidade do Porto, nos diferentes ciclos de estudos da instituição, nomeadamente Licenciatura, Mestrado e Doutoramento.
A mostra pretende promover o interesse contínuo e persistente no estudo da pintura, mas sobretudo, valorizar a individualidade de cada autor participante, num diálogo com a ideia de Espaço e de Tempo, dois elementos essenciais do pensamento contemporâneo.",artist_empty
Gesto No Tempo,10/11/2018,12/01/2019,"A espontaneidade do gesto e de cor de Manuel Cargaleiro, está patente nesta mostra, que contempla mais de 20 obras sobre papel, realizadas ao longo da última década.",Manuel Cargaleiro
Vertical Reclamation Of Individual Spaces,10/11/2018,12/01/2019,"Vertical Reclamation of Individual Spaces, de Ana Aragão, é a apresentação em Portugal das obras que estiveram patentes na exposição individual da autora na Fundação do Oriente, em Macau, entre Junho e Agosto de 2018. As propostas de “arquitecturas de papel”, desenhos elaborados a caneta Bic, projectam visões urbanas cuja estética do excesso é marcada pela alta densidade das paisagens asiáticas. Construções verticais problematizam a relação entre arquitectura icónica e construção genérica, num discurso sobre utopias obsoletas. Duas operações são responsáveis pela aproximação gráfica entre ícones e anti-ícones: as estruturas hiperbólicas ganham contornos de saturação; as estruturas genéricas transformam o banal em delirante.",Ana Aragão
Exposição Colectiva,10/11/2018,12/01/2019,"Exposição Colectiva inserida no âmbito das Inaugurações Simultâneas de Miguel Bombarda, conta com obras de 10 artistas
","Abraham Dubcovsky, Alejandra Majewski, Ana Monteiro, André Silva, Clara Vicente, Franchini, Francisco Simões, Henrique Do Vale, Jean Marie Boomputte, Jaime Rico, João Cutileiro, Mafalda Mendonça, Manuela Mendes Da Silva, Mário Vitória, Paulo Neves, Paulo Ossião, Roberto Chichorro"
Por Amor & Sinestesia,22/09/2018,03/11/2018,"Por Amor
Mais do que título do primeiro quadro da colecção, Por Amor, é o mote de homenagem a dez compositores, que através da sua música, glorificam o imenso prazer de viver.
Com base em retratos, fotografias ou pinturas da época, foram anexados os traços de carácter, os factos da vida e obra, bem como, uma citação dos próprios, que alicerça a forma de os ouvir, sentir e exprimir.
A colecção presta homenagem aos que de forma totalmente apaixonada dedicaram a vida à Música.

Sinestesia
Do grego Synaísthesis, resulta de Syn (união), com esthesia (sensação), significando a união de diferentes planos sensoriais.
A Música é a mais sublime, nobre e criativa forma de expressão humana, capaz de transmitir e partilhar sentimentos, desde a raiva à saudade, da ira ao desejo, mas principalmente, do amor ao Amor.
A colecção Sinestesia é a materialização através da pintura, das sensações e estímulos criados por obras musicais.
",Paulo Ponte 
Exposição De Escultura,22/09/2018,03/11/2018,"Exposição Colectiva de Escultura, inserida no âmbito das Inaugurações Simultâneas de Miguel Bombarda, conta com obras de 4 escultores
","Francisco Simões, Georg Scheele
Karel Zijlstra, Paulo Neves
"
"Desenhos De Inês Favila
",09/06/2018,15/09/2018,"Em continuidade com trabalhos anteriores, este conjunto de desenhos tende a questionar a zona em que estes se situam. Vacilam entre o indistinto e o que é possível identificar, entre a precisão e a nebulosidade, entre a intensidade da cor e da forma e o vazio, por vezes entre uma possível narrativa e a sua ausência, entre o terreno e o espiritual.
No processo de elaboração dos desenhos concorrem diferentes forças mobilizadoras como sejam: a necessidade de recuperar formas, objetos ou imagens, esvaziados de relevo, utilidade ou importância; o confronto interno entre temas atuais reveladores de desumanização e a vida espiritual.","Inês Favila
"
As Duas Realidades,09/06/2018,15/09/2018,"Os estágios implícitos nas obras aqui expostas compreendem a diferenciação, a indiferenciação, a mera sinalização ou ainda o que existe para lá de todos os signos.
O espectador, simplesmente através da observação, experimenta primeiro a pureza, para, logo depois e novamente, (re)ver os objetos e as formas.
Assim, chegará um tempo em que as diferenças deixarão de existir.",Patrícia De Herédia
Exposição Colectiva,09/06/2018,15/09/2018,"Exposição Colectiva, inserida no âmbito das Inaugurações Simultâneas de Miguel Bombarda, conta com obras de 10 artistas
","Alexandre Cabrita, António Charrua, Gil Madeira, Gustavo Fernandes, Jean Marie Boomputte, Jorge Curval, Mário Vitória, Noronha Da Costa, Paulo Ossião, Victor Bartolomé Rey
"
Musicações De Um Andarilho,10/03/2018,02/06/2018,"A exposição individual de Roberto Chichorro, conta com mais de 60 trabalhos da obra do artista, compreendida entre os anos 70 e 2017, grande parte pertencentes à sua colecção particular.",Roberto Chichorro
Da Dor Da Lucidez,13/01/2018,03/03/2018,"A exposição individual de Andre Martus, conta com mais de 20 trabalhos do artista, sendo a série ""Falta Branco / Não Falta Branco"" um processo de criação conjunta com a escritora Dália Dias, na qual originou uma obra única e original.",Andre Martus
Não Brincas Com O Meu Brinco,13/01/2018,03/03/2018,As obras recentes de Henrique do Vale são um elogio aos brinquedos e à importancia de brincar,Henrique Do Vale
Olhar Sobre O Porto,11/11/2017,06/01/2018,A mostra de Paulo Ossião na AP'ARTE homenageia a cidade do Porto. Um olhar singular sobre a cidade invicta.,Paulo Ossião
Exposição Colectiva,11/11/2017,06/01/2018,"Exposição Colectiva, inserida no âmbito das Inaugurações Simultâneas de Miguel Bombarda, conta com obras de 10 artistas
","António Charrua, Manuel Cargaleiro, Jean Marie Boomputte, Peter Klasen, Tom Wesselmann, Domingos Pinho, João Cutileiro, Ângelo De Sousa, Justino Alves, Cruzeiro Seixas"
Borders,23/09/2017,04/11/2017,"André Silva (1980) explora a fronteira entre a figuração e o abstracto desenvolvendo uma abordagem pictórica centrada no universo das formas mecânicas e industriais e das arquitecturas urbanas.
‘Borders’ é composta por séries de trabalhos realizadas entre 2014 e 2017 e questiona as fronteiras de globalização, aparentemente, ténues que separam o rural do urbano.",André Silva
Rocktopia,23/09/2017,04/11/2017,"Michael Spencer Jones é um dos fotógrafos de rock mais influentes do Reino Unido responsável pela criação de algumas das mais emblemáticas capas da recente história do rock britânico.
Michael interessou-se pela fotografia desde cedo mas desenvolveu uma forte paixão pela arte ao estudar os grande fotógrafos americanos do século XX como Alfred Steiglitz, Edward Steichen e Paul Outerbridge. Ficou também fascinado com o surrealismo e o trabalho de Angus Mcbean e as capas de álbuns da ""pop art"" do Hipgnosis, e essas influências são evidentes nas imagens que criou para os Oasis e The Verve durante a era Britpop.
Michael foi aceite na Bournemouth & Poole college of Art para estudar fotografia e filme, e durante esse tempo viajou frequentemente para Londres para auxiliar o fotógrafo de publicidade, Stak, no seu estúdio Mayfair. Foi aqui que
aprendeu muito do seu ofício. Também se familiarizou com um amigo de Stak, o fotógrafo de moda Terence Donovan, que o encorajou a prosseguir uma carreira na fotografia.",Michael Spencer Jones
Exposição Colectiva,17/06/2017,16/09/2017,"Exposição Colectiva, inserida no âmbito das Inaugurações Simultâneas de Miguel Bombarda, conta com obras de 25 artistas
","Ana Allen, Ana Monteiro, António Charrua, Armanda Passos, Armando Aguiar, E. Bessa Monteiro, Elizabeth Leite, Fernando Durão, Franchini, Gracinda Candeias, Ilidio Candja, Ines Favila, João Alfaro, Julião Sarmento, Mafalda Mendonça, Manuel Cargaleiro, Mario Vitoria, Nadir Afonso, Noronha Da Costa, Paulo Neves, Pedro Cunha, Roberto Chichorro, Rogério Ribeiro, Silva Lima, Sónia Travassos"
Detalh'Ar,29/04/2017,09/06/2017,"""Ao pensar-se em fotografia aérea, provavelmente as primeiras associações que se fazem, passam pela ideia de abrangência e total amplitude. Por conseguinte, a visão inequívoca. No entanto, mesmo a ""alguns"" metros de altitude, a ilusão acontece. É neste ponto que reside a intenção desta exposição. Assim, a partir do enfoque no detalhe e na anulação de referentes mais decifráveis, pretende-se com estas imagens transportar o observador para narrativas, que só a ele lhe pertencem e, de certo modo, explorar na fotografia aérea novos campos de fruição.""
Francisco Piqueiro",Francisco Piqueiro
Hiper-Realismo Com Gustavo Fernandes,29/04/2017,09/06/2017,"Falar da minha obra é fazer uma introspecção.
Há toda uma exposição no meu trabalho… Uma estética na qual me exponho. Mas existe uma componente espiritual, emocional, introspectiva. O meu trabalho é solitário, de uma forma positiva.
A apuração da técnica, a temática, o detalhe… Há um desejo constante, uma busca, há muita pesquisa dentro dos meus conceitos e ideias, além da técnica minuciosa e apurada que adquiri ao longo dos anos.
Penso que a minha obra convida à contemplação. Eu desejo estimular o observador que está perante uma obra minha… Gosto que tenha uma opinião ou uma sensação frente à obra. Cada pessoa tem uma sensação diferente mas tem (...)
GUSTAVO FERNANDES",Gustavo Fernandes
Dare You,29/04/2017,09/06/2017,"Numa lógica de reunião de propostas que no seu conjunto revelam pistas possíveis para uma representação simbólica do que na cultura ocidental se descreve como “comportamentos de atrevimento”, são aqui evocadas algumas dessas reflexões.
João Noutel parece procurar relacionar fenómenos de interacção social, mais ou menos “arrojados”, ou pelo menos representativos de alguma audácia implícita, numa tentativa de sublinhar aspectos transversais à conduta contemporânea.
A necessidade individual pela imagem, a aparência, a efemeridade, mas por outro lado a coragem, a confiança, a busca da felicidade, como manifestações permanentes de poder.
Neste sentido, a exposição “DARE YOU” descreve uma consistente desconstrução do óbvio, servindose o autor de ferramentas metafóricas recorrentemente presentes no seu trabalho, em que a linguagem plástica de que se serve é um mero instrumento intermediário para o resultado pretendido.
João Noutel",João Noutel
Tempos Do Nosso Tempo,11/03/2017,22/04/2017,"“O percurso artístico de Gil Teixeira Lopes demonstra uma sequência lógica de renovadas experiências. Ao lado da mais equilibrada conquista dos processos técnicos e das soluções formais – através das quais o artista toma consciência da sua capacidade operativa, ao mesmo tempo que consigna ao público um produto estável – ele elabora o próprio e continuado processo de crescimento existencial. A correspondência real entre este crescimento e a continuada, mas sempre aberta, operação criativa é a exteriorização convincente de um artista participante de uma modernidade. (…)

Sílvio Castro",Gil Teixeira Lopes
Portfólios,14/01/2017,04/03/2017,"Exposição Colectiva, inserida no âmbito das Inaugurações Simultâneas de Miguel Bombarda, conta com obras de 22 artistas
","André Graça Gomes, Carolina Tavares, Cláudio Morais, F. Maria Leite, Inês Favila, Isabel Pintado, Isidro Tascón, João Fego, João Gomes Gago, João Teixeira, José Silva, Laura Galvão, Maria Melo, Mirjam Siim, Patrícia De Herédia, Paulo Hernâni, Paulo Ponte, Pedro Mesquita, Ramon Conde, Soledad Penalta, Teresa Melo, Vincenzo Di Biase"
Momentos De Transformação,12/11/2016,07/01/2017,"O sopro da transformação existe embalando a vida de forma constante. As mudanças acontecem no decorrer da sistemática soma de momentos determinantes e imperceptíveis. É desta adição, muitas vezes feita de alguns recuos necessários, que, surgem os pontos de viragem.
O que, muitas vezes, se nos mostra como surpreendente, é, na verdade, uma construção discreta e lenta. É na altura certa que a luz incide e o caminho se revela na claridade.
Estas séries de trabalhos reflectem esses momentos de transformação, bem como as suas reverberações, os possíveis renascimentos e ressurgimentos. São as histórias, a poesia e as memórias, que embrenhadas nas imagens pintadas, as tornam permeáveis ao reflexo do pensamento íntimo e silencioso de quem as olha.

Mafalda Mendonça",Mafalda Mendonça
Exposição Colectiva,12/11/2016,07/01/2017,"Exposição Colectiva, inserida no âmbito das Inaugurações Simultâneas de Miguel Bombarda, conta com obras de 21 artistas
","Alexandre Cabrita, Ana Allen, Ana Medeiros, Ana Vidigal, André Silva, António Charrua, Armanda Passos, Franchini, Georg Scheele, Glyn Uzzel, Gustavo Fernandes, Isidro Tascón, Jaime Isidoro, Jean Marie Boomputte, João Cutileiro, Karel Zilstra, Manuel Cargaleiro, Manuela Mendes Da Silva, Mário Vitoria, Paulo Ossião, Roberto Chichorro"
"The Magic Of Presence In Absence : Or What Stays, When Everything Is Gone?",24/09/2016,05/11/2016,"A exposição de escultura de Georg Scheele desafia a matéria. A dureza do mármore, parece desaparecer às mãos do escultor. ",Georg Scheele
Exposição De Pintura ,24/09/2016,05/11/2016,"Nesta pequena mostra ,ao contrário do que me é habitual, decidi apresentar obras de 2012 até ao presente. Isto porque julguei
que seria interessante a visualização da mudança, evito a palavra evolução, das minhas formas ao longo deste período. A minha maneira de trabalhar depende muito fortemente do caminho que
,quase involuntariamente ,essas formas seguem. Ideias como inspiração ou (pré) conceito são-me normalmente estranhas acontecendo que apesar de ,ao começar uma tela exista uma imagem presente, invariavelmente a execução da obra envereda por caminhos que têm de ser seguidos sob pena da castração da expontanieade e descoberta .
O acto criativo , no meu caso, é subconsciente sendo que o consciente meramente executa. A surpresa final é (quase) sempre bem vinda e frequentemente abre novas portas .Dito isto não se conclua
que as obras são feitas de modo instintivo.Existe uma intensa observação e reflexão que permitem ao subconsciente a resposta aos problemas estéticos que se vão levantando.
Por estas razões parece-me perfeitamente permissível o revisitar de conceitos anteriores o que me sucede regularmente .
Os factores condicionantes da execução são variados, passando pela influência das obras precedentes, da resposta dos materiais, temperaturas ambientes até, e do estado de espírito resultando
num obra que me define mas de forma primáriamente involuntária.",Nuno Santiago
Charrua,18/06/2016,17/09/2016,"A exposição ""Charrua"" conta com cerca de 40 obras do artista, compreendidas entre os anos 40 e os inicios dos anos 2000. Trata-se de uma pequena amostra da extensa obra que desenvolveu ao longo dos 60 anos da sua carreira.  Artista multidisciplinar, adoptou diferentes linguagens e suportes para expressar o seu vocabulário artistico, marcado siobretudo pela abstração, infliuenciado pela correntes expressionistas da pintura europeia e americana.",António Charrua
Desidentidades,07/05/2016,11/06/2016,"Esta é uma série de trabalhos que explora a versão contemporânea de individualidade: no seio de uma sociedade cada vez mais fragmentada, por um lado, e compacta, por outro, o papel da identidade é relançado para um plano de esvaziamento da unicidade em prol do colectivo.
Com o advento das redes sociais, vagamos num universo plural, em que o privado se torna cada vez mais inacessível e onde o culto do “aparente” se sobrepõe à construção de uma noção de “eu” alicerçada em si mesma, e não apenas na validação exterior. Somos lançados a um tempo de profunda despersonalização do conceito de individuo.
Estas, são, assim, imagens que reflectem um “homem” desumanizado, esvaziado de si mesmo, que existe apenas como entidade abstracta e cujo “rosto” não se pretende que se revele. São imagens que nos falam do humano enquanto símbolo apenas, enquanto pele e enquanto número, sem espaço para se revelar. 
Ana Monteiro",Ana Monteiro
Underground,07/05/2016,11/06/2016,"“Underground é o título da exposição individual de Franchini.
Porque subterrâneo é o local em que nós, artistas, nos sentimos no momento atual, compelidos a (sobre)viver num mundo exigente, às vezes ingrato, para a arte que amamos.
Estaríamos mais sós, num esquecimento sem igual, não fosse o contributo inestimável de algumas galerias que acreditam na arte e nos artistas.
E por isso não desistimos, insistindo neste modo de partilha artística que é também a nossa forma de protesto.
Esta mostra traz a público uma nova vertente caricatural do artista, talvez mais abstrata e sombria, que com penetrante sarcasmo pinta a sociedade.
Um bom momento para, em contraciclo com este ambiente underground, celebrar a arte.”
Franchini",Franchini
Elementos,07/05/2016,11/06/2016,"A pintura como memória de um fazer pictural.
Pensar e fazer coincidem-se em acto de pintar o gesto para além das referências e dos propostos. Assim, a pintura desenvolve-se enquanto desaguar da mancha, que tudo arrasta e contamina, desde o gesto até à textura, onde se compromete uma ambígua correspondência entre a transparência e a opacidade. A memória da gestualidade e, então a de uma viagem que se transita num percurso sempre previsível.
Pintura denunciadamente policromática, que aspira a um necessário desejo de libertação. O movimento na pintura decorre, finalmente, de uma atitude de deposição dos materiais e das matérias do suporte. Umas vezes o gesto submete-se à cor, outras vezes é a cor em relação ao gesto. E, ( in )decisão, sobrevive a pintura enquanto memória de um fazer o gesto que se dilui em contida violência e em espaço de diferença e de limite .
António Quadros Ferreira",Manuela Mendes Da Silva
Cerâmica De Manuel Cargaleiro,19/03/2016,30/04/2016,"Esta exposição de Manuel Cargaleiro evidencia, do seu trabalho recente, algumas das linhas de desenvolvimento da cerâmica na contemporaneidade: a que explora uma vertente mais pictórica, utilizando a superfície cerâmica como suporte de pintura, e a que investiga uma faceta mais escultórica, através do tratamento de matizes, brilhos e reflexos dos relevos e vidrados.
Nesta exposição são também visíveis os modelos formais de abordagem dos suportes que a história nos legou, seja quando o artista utiliza essa unidade mínima que todos os ceramistas conhecem – o quadrado cerâmico, o azulejo – seja quando prefere compor um painel formado por pequenas unidades e trabalhá-lo como um todo.
Laura Castro",Manuel Cargaleiro
Exposição Colectiva,16/01/2016,12/03/2016,"Exposição Colectiva, inserida no âmbito das Inaugurações Simultâneas de Miguel Bombarda, conta com obras de 10 artistas
","André Silva, Armanda Passos, Franchini, Julião Sarmento, Júlio Resende, Mafalda Mendonça, Nadir Afonso, Paulo Ossião, Roberto Chichorro, Rogério Ribeiro"
Local Station,31/10/2015,09/01/2016,"Um lugar. Um encontro desencontrado. Uma paragem. Uma estação.
Neste conjunto de trabalhos descobrem-se possíveis pontos de fuga, sobre lacunas, sobre esperança e ilusão, sobre a fragilidade, sobre o amor, sobre a felicidade, sobre a despedida, sobre generosidade, sobre desejo. Sobre tudo.
A imagética do azulejo português funciona nalguns casos como detalhe instrumental e emocional para a ligação de uma certa ideia de encenação, aqui reforçada pelos diferentes momentos propostos, muitas vezes numa lógica de tensão controlada, em que a subtileza da ironia leve e assertiva, transversal à Obra de João Noutel, procura descrever a força estrutural do desenho.",João Noutel
E Surpreendentemente A Liberdade,31/10/2015,09/01/2016,"Esta exposição propõe a celebração atenta da Liberdade perante os sinais perturbadores dos tempos. Já que Liberdade enquanto forma de participação no mundo é surpreendentemente, cada vez mais rara. As obras representam vários desafios perante as atrocidades que envolvem a Humanidade, sobretudo a partir dos corredores trágicos de migração que mostram, cruelmente, como o mundo não é de todos na sua prática. (...) Assim, a exposição marca a viagem do Homem pós-moderno e (A)ocidental, dos seus sentidos perante a ruína e as esperanças em migração. Narra a deslocação dos seus sonhos, das suas identidades, raízes, crenças e aspirações. 
Mário Vitória",Mário Vitória
Exposição Retrospectiva Dos Anos 70 A 2010,19/09/2015,24/10/2015,"A exposição retrospectiva de Gracinda Candeias conta com obras das ultimas 4 décadas de trabalho dedicadas à pintura.
Com recusro à utilização dos mais diversos materiais, entre eles, papéis, sedas de várias proveniências, resinas, folha de ouro e pigmentos, a artista desenvolve uma parte da sua exposição dedicada aos estudos de arte africana.
 ",Gracinda Candeias
Les Uns Et Les Autres,20/06/2015,12/09/2015,"Exposição Colectiva, inserida no âmbito das Inaugurações Simultâneas de Miguel Bombarda, conta com obras de 29 artistas
","Alexandre Cabrita, Alexandre Carvalho, Ana Medeiros, Ana Monteiro, Armanda Passos, Crsitina Troufa, Elizabeth Leite, Fernanda Eva, Fernando Durão, Filipa Saragga, Franchini, Glyn Uzzel, Gustavo Fernandes, Jaime Rico, Jean-Marie Boomputte, João Cutileiro, João Noutel, Karel Ziljstra, Leonardo Quintela, Mafalda Mendonça, Mara Alves, Mário Vitória, Marli Takeda, Marta Vilarinho Freitas, Paulo Ossião, Riberto Chichorro, Rogério Timóteo, Silva Lima, Susana Bravo"
Exposição De Escultura,02/05/2015,13/06/2015,"Mostra de escultura de Abraham Dubsovsky, conta com cerca de 40 obras, em madeira e bronze
",Abraham Dubcovsky
Colagens De Cruzeiro Seixas,02/05/2015,13/06/2015,"A exposição individual de Cruzeiro Seixas, conta com uma selecção de 30 trabalhos, da sérei das colagens, desenvolvidas ao longo da sua extensa e intensa carreira.",Cruzeiro Seixas
Um Mundo Ap'Arte - 5º Aniversário,07/03/2015,24/04/2015,"Este projecto surgiu da vontade de criar um espaço de promoção de jovens artistas emergentes a par da apresentação de artistas consagrados no âmbito da Arte Contemporânea.
O passar do tempo, o envolvimento e a paixão pela Arte Contemporânea, a par da paixão pela cidade do Porto leva-nos a sonhar mais alto e a querer que este espaço se torne uma referência na nossa cidade cada vez mais cosmopolita.
Para prestar uma homenagem à cidade do Porto e à Arte Contemporânea decidimos na AP’ARTE, no nosso quinto aniversário, oferecer aos portuenses e a todos os que nos visitam, a possibilidade de contemplar numa só exposição alguns dos artistas mais carismáticos do século XX.

AP'ARTE Galeria","A. Archipenko, André Lhote,  André Masson, Andy Warhol, Antoni Tàpies, Antonio Saura, Arman, Arpad Szenes, Fernand Léger, Jean Metzinger, Joan Miró, Karel Appel, Lucio Fontana, Manolo Valdés, Paula Rego, Pablo Picasso, Salvador Dalí, Suzanne Valadon, Vieira Da Silva 
"
Metamorfoses De Mim,17/01/2015,28/02/2015,"Mostra de pintura de Isabel Saraiva, com selecção de 19 trabalhos realizados entre 2008 e 2015",Isabel Saraiva
Exposição Colectiva,17/01/2015,28/02/2015,"Exposição Colectiva, inserida no âmbito das Inaugurações Simultâneas de Miguel Bombarda, conta com obras de 16 artistas
","Alexandre Cabrita, Ana Medeiros, Ana Monteiro, António Gonçalves, Armanda Passos, Diogo Goes, Franchini, Francisco Laranjo, Jaime Isidoro, Jean-Marie Boomputte, Gustavo Fernandes, Mafalda Mendonça, Manuela Mendes Da Silva, Mário Vitória, Samantha Couto, Silva Lima"
Musiqueiros De Todas As Festas,08/11/2014,10/01/2015," "" (...) O universo pictórico de Chichorro bebe da modernidade que o serve e experimenta, adequando à sua gramática, um obstinado rigor e uma techné que os observadores atentos da sua obra percebem e respeitam.
Estes Musiqueiros de Todas as Festas, o desfile de formas e cores e situações que Chichorro convoca, inserem-se na ampla paisagem estética e emocional de um artista completo e convidam-nos, mais uma vez, a revisitar a
sua obra. “porque há sempre um sonho que desperta, uma vida, a vida partilhar”.
Luís Carlos Patraquim",Roberto Chichorro
Snapshots By Bianca ,08/11/2014,10/01/2015,"“Snapshots by Bianca” é baseado numa conversa semanal que tive com uma prostituta de rua durante vários meses, até ela desaparecer. Possivelmente era menor e traficada da Bulgária.
Durante as nossas conversas obtive a sua permissão para tirar notas enquanto ela me contava partes da história da sua vida…

Marian van der Zwaan",Marian Van Der Zwaan
A Estética Da Tolerância,20/09/2014,01/11/2014,"A arte de Marli Takeda tem como um de seus princípios essenciais o reaproveitamento de materiais, principalmente sobras de adesivos. No entanto, limitar o seu trabalho a essa prática traz alguns riscos. O principal é deixar de lado o impacto estético que suas obras atingem. (...)
Seja nos trabalhos de maiores proporções ou naqueles menores, Marli Takeda oferta ao público um presente visual regido pela densidade do fazer e do pensar. O fascínio está em que essa riqueza se traduz plasticamente em respostas marcadas pelo entusiasmo de viver e pela vivacidade de cores, formas, ritmos e gestos.

Oscar D’Ambrosio",Marli Takeda
Apanha-Me Se Puderes,20/09/2014,01/11/2014,"Apanha-me se puderes a mais recente exposição de André Silva, apresenta uma série de trabalhos que exploram zonas de contacto entre a pintura, desenho e instalação.
As obras não são exactamente a representação de uma coisa que existe ou existiu, tornam-se, em vez disso, um registo em aberto a possíveis cenários e leituras.",André Silva
The Best Is Yet To Come,20/09/2014,01/11/2014,"Cerca de 30 pinturas a óleo da autoria de Jean-Marie Boomputte, ilustram a exposição,e revelam incofidências e a boa disposição dos seus personagens.  ",Jean-Marie Boomputte
Geometria Pós-Contemporânea,21/06/2014,13/09/2014,"(…) “Fernando Durão, artista visual atuante desde os anos 70, vem desenvolvendo uma obra alicerçada no concretismo aliando cores e formas no ritmo das transformações inerentes ao dinamismo da contemporaneidade urbana. A sua pintura reflete os fluxos cromáticos e formais existentes nas estruturas projetadas e nas retomadas de caminhos que levam ao equilíbrio estético do abstracionismo geométrico”.(…)

José Henrique Fabre Rolim",Fernando Durão
Janelas Para O Metaverso,21/06/2014,13/09/2014,"A exposição ""Janelas para o metaverso"" é uma compilação de trabalhos de vários projectos realizados nos últimos anos.
A primeira parte da exposição são peças da série ""Deserto Vermelho"", desenvolvida entre 2009 e 2011. Todos os quadros foram elaborados numa técnica mista que combina elementos de diferentes
disciplinas tais como: design gráfico, fotografia, pintura ou desenho. Estes trabalhos foram concebidos a partir da observação dos ambientes urbanos, industrial, tecnológico que se mostram na actualidade como
caóticos e agressivos. E este ambiente cresce e se desfaz mais e mais sobre si mesmo, o que lhe faz perder o significado e a utilidade. E a essência deste entorno reflecte basicamente o meio cultural em que
vivemos, no qual compartilhamos os seus problemas de acumulação e perda de sentido. 
",Jaime Rico
Perceptions,03/05/0204,14/06/2014,"A forma como vivemos a nossa realidade diz muito, ou melhor, diz tudo sobre as nossas percepções, porque são precisamente as nossa percepções que criam e ditam a nossa realidade, e o mundo acaba por ser do tamanho que pensamos que é.
Se real e efectivamente pretendemos tornar-nos em seres plenos e conscientes e mudar o que quer que seja, é imperativo mudar antes de mais a percepção sobre a nossa realidade e só então estaremos a mudar, não a situação, nem a pessoa, nem o lugar em si, mas sim a nossa percepção dos mesmos.(...)",Leonardo Quintela
Exposição Colectiva,03/05/0204,14/06/2014,"Exposição Colectiva, inserida no âmbito das Inaugurações Simultâneas de Miguel Bombarda, conta com obras de 9 artistas
","Carlos Barão, Carlos Carreiro, Franchini, Francisco Simões, Gustavo Fernandes, Mafalda Mendonça, Mário Vitória, Nadir Afonso, Nuno Santiago"
Hangar,03/05/2014,14/06/2014,"HANGAR reúne um conjunto de obras, resultado de um exercício quase cirúrgico de escolha do que poderia ser uma narrativa da ideia de um lugar que guarda.
Mas não só.
Relacionando todas as obras, percebe-se a inquietude e confronto emocional evocadas pela subtil exposição de conceitos imagéticos clássicos associados à
guarida, à protecção de.., ao depósito de..; mas também relacionados com a partida e o regresso, com a realidade de encontros e desencontros, evocados aqui a partir da
instrumentalização de universos “imediatos” como o da aviação, do mergulho, do automobilismo.
As semelhanças e as singularidades apresentadas no conjunto das obras como que reflectem uma total liberdade, em modo contínuo, relacional, ainda que aparentem
separações estanques entre si, mas formando no seu todo uma espécie de acontecimento documental do que poderiam ser pistas de síntese do que é um espaço
de armazenamento de ideias: um hangar. ",João Noutel
Exposição Colectiva,08/03/2014,26/04/2014,"Exposição Colectiva, inserida no âmbito das Inaugurações Simultâneas de Miguel Bombarda, conta com obras de 9 artistas
","Alexandre Cabrita, Ana Medeiros, Armanda Passos, Elizabeth Leite, Glyn Uzzel, Noronha Da Costa, Nuno Santiago, Roberto Chichorro, Silva Lima"
"Mulher, Cidade Porto",08/03/2014,26/04/2014,"A exposição de aguarela e escultura de Paulo Ossião, é uma homenagem à Mulher, no dia 8 de Março. O Porto é o pano de fundo.",Paulo Ossião
Do Amor E Outros Demónios,18/01/2014,01/03/2014,"“do Amor e Outros Demónios” é uma exposição que soma todo um leque de compreensões conquistadas ao longo do último ano.
É uma aprendizagem que se conta pela voz da pintura. Em várias lições.
É, inquestionavelmente, amor. É qualquer coisa que soa a inferno. São demónios.
São demónios expiados pela cor. São os meus.
E são, sobretudo, traços. Traços que nos falam sobre amor. Daquele que não tem graça nenhuma.
Ana Monteiro",Ana Monteiro
Travels To The Franchini'S Imaginary,18/01/2014,01/03/2014,"(...) Cores fortes e vibrantes são uma característica essencial da
obra de Franchini. O artista português se vale delas, por exemplo,
em seus trabalhos em técnica mista...
As características apontadas atingem seu ápice nos abstratos. O
movimento e as tonalidades apresentadas têm como principal mérito uma gestualidade larga e explosiva. Encontra-se uma dinâmica
expansionista marcada pela profusão de tramas e estabelecimento
de uma rede de universos complexos e sedutores.
O conjunto visual que Franchini manifesta leva a uma reflexão da
própria arte como uma densa expressão de um estar no mundo.
Suas criações não são reações passivas, mas propostas visuais ativas de interferência e de gestação de renovados universos regidos
pela cor e alegria.(...)
Oscar D’Ambrosio",Franchini
Gesto E Forma,18/01/2014,01/03/2014,"“Em Manuela Mendes da Silva a pintura está sempre presente pela sugestão da textura, é certo, mas também pela revelação do processo. Todavia existe uma espécie de gesto primordial que se suspeita e se insinua pela sistemática repetição de movimentos, em obstinado desejo de fazer erguer realidades novas e distintivas. Algum do ideário de teor romântico persiste, ainda assim, na medida em que uma suposta percepção de que a ‘ruína’ e o ‘resto’ é o que salva, ou permite sobreviver, a pintura e a arte. Não existe nesta sua pintura um gesto primeiro: todos os gestos são primeiros, porque participantes de um vislumbre de luz e de movimento total em jogo de tensões, ou uma organizada tensão de (...)
António Quadros Ferreira",Manuela Mendes Da Silva
(Ir)Realidades,02/11/2013,11/01/2014,"(…) Nesta exposição a autora demonstra por um lado um inato sentido da composição, da cor, da harmonia e, sobretudo, uma sensibilidade fora do comum para captar essa outra realidade que se oculta à maioria dos olhares. A degradação da matéria, as texturas do desgaste, o óxido, a erosão, o mofo, as gretas... esse microcosmos resultante do passar do tempo a que nem as coisas nem nós somos imunes e que contem uma poesia em si mesmo que, Mar Yela, soube realçar, em cada instantâneo, com delicadeza para além de um “refinado” sentido estético.(…)

Raquel Medina de Vargas",Mar Yela
Através Do Corpo,02/11/2013,11/01/2014,"(…) O primeiro golpe levanta um pó fino numa nuvem que impregna o ar de um cheiro característico, ao mesmo tempo que define, na urgência do gesto, a necessidade criativa.
Lentamente, com técnica apurada, legada pelos antigos Mestres e com intenso esforço físico, o bloco de pedra vai ganhando forma, transformando as suas arestas cortantes e os seus planos monótonos numa suave modelação de formas orgânicas.
Pouco a pouco, a escultura vai-se libertando da pedra que a envolve, desvendando no seu interior um gesto, uma atitude, uma face, um corpo.(…)

Rogério Timóteo",Rogério Timoteo
Exposição Colectiva,21/09/2013,26/10/2013,"Exposição Colectiva, inserida no âmbito das Inaugurações Simultâneas de Miguel Bombarda, conta com obras de 22 artistas
","António Sampaio, Arman, Armanda Passos, Bengt Lindström, Demée, Domingos Pinho, Eduardo Arroyo, Gerardo Burmester, Graça Morais, Helena Abreu, Jaime Isidoro, Joaquim Lopes, José Manuel Ciria, Júlio Resende, Justino Alves, Klasen, Manuel Cargaleiro, Noronha Da Costa, Paulo Ossião, René Bertholo, Rogério Ribeiro, Tom Wesselmann"
Persona,21/09/2013,26/10/2013,"Nesta série de 12 pinturas, Alexandre Cabrita aborda diferentes atmosferas psiquicas, evocando memórias, num jogo de cor e volumes.
",Alexandre Cabrita
Entre Sombras,01/06/2013,14/09/2013,"As obras de Rodrigo Alzamora são a exaltação da “figura” arrancada à sua função quotidiana ou da história, e chamada a desempenhar um papel dialéctico no diálogo entre elas e quem vê ou observa. Diálogo em que está implícito por vezes um convite à imaginação (principalmente nas “silhuetas”) do desvendar do que representa tal imagem, em que alguma das vezes, esse exercício não é necessário efectuar-se, porque está implícito no título da obra, em que o título por vezes é também um enigma para quem vê. Enfim, é na verdade uma obra de matéria de valor! Urbano da Cruz",Rodrigo Alzamora
Exposição De Gravura E Pintura,01/06/2013,14/09/2013,"O seu trabalho é muito influenciadO pelo ambiente. Os temas são abor- dados mas não com representação direta. Tempo, lugar e modo de representação desempenham o seu papel em imagens que são ostensivamente abstratas, mas revelam um ponto de contato com o mundo visual.",Glyn Uzzell
Talks Between Ears And Eyes About Light And Heavy,01/06/2013,14/09/2013,"(...) Georg Scheele está constantemente a andar nos “limites do
possível”: Esculpir (em alemão “Bildhauerei”), no sentido exacto da palavra significa uma remoção de material. É durante o processo de
trabalho que a estrutura da pedra, o seu poder, dureza e resistência
do material se encontra com a forma previamente delineada pelo
artista.",Georg Scheele
Lavando O Açúcar Na Fonte Acreditando Noutros Gerúndios,20/04/2013,25/05/2013,"“O arrumador de loucuras destinadas à normalidade""
(…) Mário é um MC, um mestre de cerimónias que tanto pode ser para rappers como para recepções a embaixadores e outras inutilidades com charme. Arrumador exímio de loucuras, apresenta-as em series tão incessantes que mais parecem normalidades avulsas deambulando pelos centros comerciais do subterrâneo. Arruma as loucuras onde não é permitido pelas autoridades, certo que lhes sobreviverá tal como o mundo sobrevive a todos nós. Só nós é que não sobrevivemos a nós próprios. E isso também o Mário sabe. Daí que entregue à arte a missão gigantesca de lhe permitir escapar a devoração de si próprio enquanto pinta e desenha.

Boaventura Sousa Santos",Mário Vitória
No Das Artes Brasil Em Portugal E Portugal No Brasil,20/04/2013,25/05/2013,"""Ano das Artes Brasil em Portugal e Portugal no Brasil AP’ARTE apresenta ... cartões postais criados especialmente por artistas do Brasil e de Portugal.
(...)
Uma mostra de arte para comemorar o ano internacional Portugal no Brasil e Brasil em Portugal , e também para melhor intercâmbio entre artistas de ambos países.
Uma parceira e iniciativa cultural da Up Art - projeto art+ no Brasil e da Galeria AP’ARTE em Portugal.""

Fernando Durão","Alice Carracedo
Ana Aly
Ana Mora
Anapana
Angela Barbour
Barbara Schubert Spanoudis
Bel Kook
Betti Simão
Caciporé Torres
Cassiano Araújo
Cássio Lázaro
César Romero
Christina Parisi
Cipriano Souza
Cirton Gernaro
Claudia Furlani
Duda Rosa
Eduardo Iglesias
Erika Cardoso
Ermelindo Nardin
Fernanda Cobra
Fernanda Eva
Fernando Calvozo
Fernando Durão
Gastão De Magalhães
Gregório Gruber
Guilherme De Faria
Helô Zanaga
Heloize Rosa
Horácio Gerpe
Kamori

Abreu Pessegueiro
Alexandre Cabrita
Ana Allen
Ana Medeiros
Ana Monteiro
Ana Pimentel
Armanda Passos
Clara Vicente
Diogo Goes
Emília Viana
Filipa Sottomayor
Francisco Trabulo
Franchini
Gracinda Candeias
Gustavo Fernandes
João Noutel
Lourdes Alcobia
Mafalda Mendonça
Manuela Mendes Da Silva
Mário Vitória
Roberto Chichorro
Rodrigo Alzamora
Silva Lima"
Exposição Colectiva 3º Aniversário Da Ap'Arte,02/03/2013,13/04/2013,"EXPOSIÇÃO COLECTIVA COMEMORATIVA DO 3º ANIVERSÁRIO DA AP'ARTE
","Júlio Resende, Armanda Passos, Rogério Ribeiro, Júlio Pomar, Manuel Cargaleiro, Nadir Afonso, Nuno Raminhos, Roberto Chichorro, Julião Sarmento, Diogo Goes,Carlos Carreiro, Mafalda Mendonça, Noronha Da Costa, Ana Medeiros, João Noutel,Jaime Isidoro,Marian Van Der Zwaan, Silva Lima, Ana Pimentel, Alejandra Majewsky, Gustavo Bastos, Manuela Mendes Da Silva, Gustavo Fernandes, Ilídio Candja, João Cutileiro, Franchini, Erró, Eduardo Arroyo"
Magic Circle,19/01/2013,23/02/2013,"O estranho caso dos Círculos Mágicos de Jorge Curval

Jorge Curval é um artista puramente intuitivo. O seu percurso de aprendizagem fez-se desde início, e continua a fazer-se ainda hoje, apesar da experiência que
ganhou, longe das academias. E tem sido desenhada nessa via a raiz do seu encontro mais profundo com a coisa da arte. Como artista, tem tido percurso
constante e constantemente presente em exposições públicas, ao longo dos últimos vinte e cinco anos, na cena artística, mostrando regularmente e avançando numa direcção de pesquisa nem sempre suficientemente entendida.
Que significa isto? Tão simplesmente que num meio exíguo, e exiguamente atento, esse trabalho, apesar das suas óbvias qualidades, nem sempre tem tido a repercussão merecida. (...)

Bernardo Pinto de Almeida
",Jorge Curval
Again And Again,10/11/2012,12/01/2013,As paisagens de Ana Allen evocam a melancolia do tempo que passa devagar,Ana Allen
Porto De Silêncios,10/11/2012,12/01/2013,"ABREU PESSEGUEIRO
10 NOV-12 JAN
Porto de silêncios
(...)
Porto de Silêncios, porque para mim, o silêncio também é uma condição necessária à contemplação. No meu trabalho, procuro contrapor-me ao ruído que nos rodeia pela mediatização da informação, ao espalhafato formal do exagero, ao consumismo efémero, características do mundo odierno. Guardo o silêncio para ouvir a música, mesmo a música feita de silêncios.
(...)
Abreu Pessegueiro . Outubro 2012",Abreu Pessegueiro
Caminheiros De Sonhos Enluarados Com Música,22/09/2012,03/11/2012,"Não há cor retrospetiva no olhar das estórias. Cada momento criativo em tela colorida marca a eternidade. Todos os “Chichorros” nas paredes mais nobres das nossas casas fazem fluir sempre o agora, o belo nunc, que contém todo o passado e todo o futuro. O dialogo estético se estabelece com a obra em cada presente observado, assim também com a natureza – sentimento em casa momento do dia. Seja o Chichorro na obra tacteando estilos ainda anos primórdios dos anos sessenta numa Associação Africano de Lourenço Marques, seja o Roberto no quintal-emoção de fim-da-tarde n casa grande de Malhangalene com a lua nascendo no mar para depois pratear as folhas verdes das mangueiras.(...)

Calane da Silva ",Roberto Chichorro
"(Com)Sequencias",22/09/2012,03/11/2012,"Segundo olhar
As obras de Daniel Africano presentes na exposição ""(COM)SEQUENCIAS” possuem uma carga emocional que se revela fruto da tensão provocada pelo jogo de forças
presente. A dialéctica entre força e fragilidade, que se torna evidente num segundo olhar, permite-nos vislumbrar uma outra dimensão, tanto nas personagens que o artista nos apresenta, como nas paisagens imaginárias e nos espaços interiores. Uma outra dimensão, para além daquela que nos é dada a ver no imediato. Recorrendo a uma linguagem realista, Daniel Africano transporta para a tela o jogo que estas personagens, reais, vivem no seu dia-a-dia. Também elas escondem ou revelam, de acordo com a aproximação do outro, as suas forças ou fragilidades. Na verdade, fazem o que todos nós fazemos. As regras da vida em comunidade obrigam-nos a carregar máscaras sociais durante boa parte do nosso tempo. ",Daniel Africano
Exposição De Escultura,22/09/2012,03/11/2012,"Sus obras contienen dos lenguajes, dos conceptos. Al espectador se le transmite la impresión de que estas figuras han sido “vaciadas” por una serie de estudiadas aberturas (acaso no están, en realidad, todos los bronces huecos?) que siguen fielmente los accidentes anatómicos o las líneas trazadas por una sombra. El bronce se convierte en piel. Piel que, en ocasiones es moldeable, se enrosca sobre si misma y da lugar a una nueva posibilidad o que, simplemente, nos muestra su parte cóncava, interna, oscura. 

Javier Rubio Nomblot
",Alejandra Majewski
Espelho Meu,09/06/2012,15/09/2012,"“O que Pedro diz de Paulo
Diz-nos mais de Pedro do que de Paulo.
E quando Pedro se vê ao espelho que diz ele da sua imagem
E eu que direi de Pedro a ver-se ao espelho.”

João Cutileiro",João Cutileiro
Concreta Inspiração,09/06/2012,15/09/2012,"A série “Concreta Inspiração” surge de uma grande vontade de eternizar, ainda mais, estas histórias de amor, que são o ponto mais claro onde arte e vida se entrelaçam e sublimam, onde a obra ganha, de facto, densidade e uma suprema razão de ser.
“Mais tarde, ninguém verá o quadro. Verão a lenda que o quadro criou; que importa então que o quadro dure ou não dure. Farão restauros, mas um quadro só existe pela sua lenda e por nenhuma outra coisa (...)” ( Pablo Picasso) 

Mafalda Mendonça",Mafalda Mendonça
Eterno Feminino,09/06/2012,15/09/2012,"História, ideologias e feminismos à parte, de todas as figuras que atraem os artistas, a figura feminina dominou, domina e, a avaliar pelo título escolhido por Alcino Soutinho para a presente exposição, dominará.
Que elementos da representação da figura feminina continuam a fascinar artistas e espectadores? Particularmente nestas representações que perderam o carácter encenado de modelo, abandonaram a pose preparada e adoptaram o ar natural de quem é apanhado num episódio quotidiano, captado num flagrante, observado em cima do acontecimento?

Laura Castro","Alcino Soutinho
"
De Perto Ninguém É Normal,28/04/2012,02/06/2012,"“De perto ninguém é normal”, título inspirado num verso de Caetano Veloso, é a proposta da exposição de pintura que Eduardo Verde Pinho nos propõe como desafio à indiferença e ao orgulho de pensarmos que vemos o claramente visto! Não! Tudo são aparências duma realidade que transpira miliares modos de enfocar as imagens que transcendem as fronteiras da nossa própria existência. (...)

Delfim Sousa",Eduardo Verde Pinho
"Cerimónias Matriarcais Em Nome Das Mais Antigas
Divindades Do Cabeço Das Fráguas:
Trebola, Laebo E Trebaruna",28/04/2012,02/06/2012,"Gamelas optou por não representar deusas arbitrárias, em vez disso, usa as suas influências nativas para criar autóctones ibéricos. A natureza exacta dessas divindades não é conhecida, nem o seu papel na mitologia lusitana antiga é totalmente compreendido, mas podem ser encontradas pistas nos seus nomes. Trebopala é o altar da casa, o lugar onde o sacrifício é feito para fornecer vida e cultura. Trebaruna é a protectora do lar, proporcionando resistência e abrigo para a fragilidade da vida. O que está claro é que estas são deusas de um matriarcado perdido, e Gamelas voltou a centrar a nossa atenção sobre a sua importância. (...)

Brian Craig-Wankiiri",Daniel Gamelas
Exposição De Pintura,10/03/2012,21/04/2012,"Para mim, arte é uma parte da vida. Como uma definicão ou instituicão ela não significa muito para mim. Costumava acreditar que arte é algo espiritualmente edificante. Hoje em dia tenho uma posicão mais cética a respeito. Acredito que a meditacão e um comportamento moral elevado, o qual – é claro – também pode ser aplicado à arte, são mais eficazes como práticas espirituais.

Henry Wuorila-Stenberg",Henry Wuorila-Stenberg
Exposição De Gravura,10/03/2012,21/04/2012,Artista convidada da Embaixada da Finlandia,"Outi Heiskanen
"
Exposição Colectiva 2º Aniversário Da Ap'Arte,10/03/2012,21/04/2012,"EXPOSIÇÃO COLECTIVA COMEMORATIVA DO 2º ANIVERSÁRIO DA AP'ARTE
","Armanda Passos, Jaime Isidoro, José Rodrigues, Julião Sarmento, Júlio Resende, Manuel Cargaleiro, Rogério Ribeiro"
História D'Uma Vida,14/01/2012,03/03/2012,"Silva Lima retrata as passagens das memórias e dos afectos, eternizados em pinturas de todos os tempos",Silva Lima
Incursões Pictóricas,14/01/2012,03/03/2012,"Este trabalho resulta de insistentes experiências levadas a cabo na prática oficinal ao longo dos últimos anos, São autênticas incursões plásticas que resultam duma atitude aventureira, e cuja incerteza no resultado final levanta a natural dúvida. O conjunto dos trabalhos diverge na sua arquitectura plástica pela forma como é abordado. Para além do meu léxico próprio no tratamento da figura humana, mostro também um grupo de figuras típicas, imagens do nosso quotidiano, autênticos ícones na nossa sociedade ocidental: imagens que encontramos a toda a hora...A completar o conjunto abordo a pintura de pequeno formato, contrariando o lema “big is beautiful” e realçando o (...)

Nuno San-Payo",Nuno San-Payo
"Exposição Colectiva De Pintura, Escultura E Cerâmica",08/12/2011,31/12/2011,"EXPOSIÇÃO COLECTIVA DE PINTURA, ESCULTURA E CERÂMICA","Alexandre Cabrita, Armanda Passos, Carlos Marques, Clara Vicente, Daniel Africano, Emília Viana, Filipa Sottomayor, Franchini, Helder De Carvalho
Helena Pedro Nunes, João Cutileiro, João Noutel, Manuela Mendes Da Silva, Mafalda Mendonça, Mariana De Castro, Patrícia D'Orey, Ricardo Passos, Ricardo Tadeu, Rodrigo Alzamora"
Out Series,03/11/2011,03/12/2011,"É muito irónica a arte feita assim, com esta componente luxuosa dos materiais em redor de uma perspectiva de contemporaneidade que não nos gratifica, antes nos instiga a repensar as coisas, como se nos obrigasse a sair de um mundo de generalizações para nunca mais podermos generalizar. (...)

valter hugo mãe",João Noutel
Facetas,17/09/2011,22/10/2011,"Quem se propõe olhar para a obra de Gustavo Fernandes verifica desde logo que o artista tem uma capacidade de representação do real extremamente notável, sobretudo quando se trata de um autor que se pode gabar de ter construído a sua formação, não através de estudos convencionais, mas num percurso muito próprio junto dos que considerava mestres, os que entendeu que lhe podiam trazer mais-valias importantes, como Francisco de Oliveira, mas também em significativas academias internacionais como o Dawson College, sendo ainda de registar uma aprofundada pesquisa na esfera das técnicas do desenho segundo o método proposto por Kimon Nicolaïdes, uma das mais importantes referências na área. 

Paulo Morais-Alexandre",Gustavo Fernandes
Exposição De Pintura,17/09/2011,22/10/2011,"Pedro Pinto Coelho desenha à maneira realista com notável perfeição, enquanto a sua pintura se distancia de figurar as coisas como elas são ou como poderiam ser.
Pedro P.C. deixa-se levar pelas suas próprias visões, visões estas que nos aproximam da realidade e que depois nos transportam para outras fronteiras.
(...)

Adolfo Castaño",Pedro Pinto Coelho
Intencidade,09/07/2011,10/09/2011,"A “Cidades do Meu Pais”,”Estações do Ano”, ”Marinas”, ”O Porto”, ”Naturezas Mortas”, são apenas algumas das propostas que Ana Medeiros tem vindo a apresentar ao longo do seu jovem percurso enquanto pintora. Nestas,assim como no restante da obra, constata-se uma transformação do real de forma endógena, fruto de uma
grande experiência e de um grande amadurecimento enquanto pessoa.",Ana Medeiros
Retrosarias Almada,09/07/2011,10/09/2011,"Escrever sobre um trabalho realizado é uma tarefa difícil.
É difícil porque já perdi o distanciamento saudável para avaliar o meu trabalho.
Mas posso dizer que me propus a fazer algo inovador. Inovador, pelo menos, para mim pois ainda não o tinha experimentado. Transportar objectos tridimensionais para uma tela, onde à partida se pinta.
Também posso falar acerca do meu fascínio pelas retrosarias e pelas lojas de ferragens, espalhadas pelo centro do Porto… De ficar sem saber onde pousar os olhos, de percorrer as paredes onde inúmeros objectos, cores, formas e texturas se dispõem de forma irregular, no entanto, coesa.

Maria Portugal",Maria Portugal
Exposição Colectiva Fozarte 2011,04/06/2011,02/07/2011,"Exposição de homenagem a Carlos Lança com a participação de 25 artistas

FOZARTE 2011· CARLOS LANÇA
ROTARY CLUBE PORTO-FOZ
Dando continuidade à FOZARTE IV, realizada em 2008, o Rotary
Clube Porto-Foz leva a efeito, entre os dias 4 de Junho e 2 de
Julho de 2011, na Galeria Ap’arte , a FOZARTE V, certame que
visa expor obras de reputados artistas de dimensão nacional,
com o objectivo de obtenção de fundos destinados ao programa Banco Alimentar de Proximidade, mais premente do que
nunca, em curso no nosso Clube. ","Abreu Pessegueiro, Acácio De Carvalho, Alfredo Barros, Américo Moura, Ana Maria, Ariosto Madureira, Benvindo De Carvalho, Carlos Dos Reis, Carlos Marques, Daniel Africano, Eduardo Nery, Eduardo Verde Pinho, Fernando Gaspar, Filipa Sottomayor, Franchini, Helena Abreu, José António Nobre, José Emídio, José Rodrigues, Luísa Gonçalves, Mafalda Mendonça, Mário Ferreira Da Silva, Nadir Afonso, Nuno San Payo, Silva Lima"
Relicarium,30/04/2011,21/05/2011,"Respirar Criatividade

""Talento, criatividade, empenhamento, dinâmica e força de vontade são as caracteristicas que considero indispensáveis para o futuro promissor de um artista. Apesar de ainda jovem, Diogo Goes tem, ai qte tudo indica todas estas vertentes e o seu trabalho já fala por si. Optando por um caminho muito peculiar tem sempre a preocupação, antes de construir a obra, de criar o conceitoem que esta assentará. É um princípio que teima em levar por diante.(...)""

Agostinho Santos",Diogo Goes
Território Cúmplice,30/04/2011,21/05/2011,"""Uma conjugação de vários registos de círculos de experiências segundo vários modelos visuais - objectos assistidos, escultura, pintura sobre telas de diferentes dimensões e formas: em íntima ligação com as formas-suportes da pintura, os trabalhos de Agostinho Santos agora apresentados configuram um registo possível de alguns lugares-sensações, localizando Identidades, Olhares, Mensagens, Viagens, Paisagens, Labirintos… Serão reconstruções ou inscrições que se deixam emoldurar, planeando fugir e dissolver-se entre os recursos expressivos…""

Prof. Dra. Maria Leonor Soares",Agostinho Santos
Primavera,12/03/2011,23/04/2011,"Esta exposição surge no seguimento da obra que venho a executar ao longo destas duas ultimas décadas, tendo como fio condutor a necessidade constante de transmitir sentimentos e energias relacionadas com a Natureza.
O importante é o trabalho que ganha identidade e vida própria, sugerindo comportamentos com leituras tácteis e visuais..
Uso o espaço, o conhecimento e o meu limite de liberdade para realçar formas, texturas, sombras e luzes.
Em todas as composições dos meus quadros existe acima de tudo expressão. Trabalho sempre para além da própria exaustão, tentando superar-me a mim mesmo.
",Jorge Curval
Transgressão Voluntária,11/02/2011,05/03/2011,"Franchini em sua inquietação busca novos resultados mesclando várias técnicas para poder transmitir confortavelmente sua arte , e é na experimentação das diversas técnicas e linguagens que encontra conhecimento somado à sua sensibilidade resultando em uma obra sem fronteiras.

Fernando Durão",Franchini
Chá Verde,11/02/2011,05/03/2011,"A pintura de Mariana de Castro recupera os valores femininos, representados através de uma visão pessoal e contemporânea, rompendo a barreira do real, mostrando a sua visão do mundo, contra o realismo e a lógica.

Filomena Castro Alves",Mariana De Castro
Texturas,11/02/2011,05/03/2011,"Em Manuela Mendes da Silva a pintura está sempre presente pela sugestão da textura, é certo, mas também pela revelação do processo. Todavia, existe uma espécie de gesto primordial que se suspeita e se insinua pela sistemática repetição de movimentos, em obstinado desejo de fazer erguer realidades novas e distintivas. Algum do ideário de teor romântico persiste, ainda assim, na medida em que uma suposta percepção de que a ´ruína´ e o ´resto´ é o que salva, ou permite sobreviver, a pintura e a arte.

António Quadros Ferreira",Manuela Mendes Da Silva
Black People Reincarnation,15/01/2011,05/02/2011,"Os trabalhos de Ilídio Canja, apresentam publicamente o modo como este jovem pintor busca incessantemente o seu espaço próprio, o sentido endógeno para a sua pintura. A luta que a sua pintura apresenta, entre a cor, a composição, a textura, o acaso, o fazer e o refazer, correspondem a essa procura, que nunca se encerra...

José Paiva",Ilídio Candja
Sinais,15/01/2011,05/02/2011,"Os sinais, alertas e avisos das opções que seguimos na vida estão sempre no nosso quotidiano. Por opção própria, refúgio, ou seja por que motivo for, nós não lhes prestamos atenção e fazemos exactamente o que bem queremos… mas os sinais estão lá!!! Nestas telas misturo estes sinais com a sensualidade de olhares que, apesar de sem som, gritam com a expressão o que sentem, o que fazem, o quanto provocam…

Patrícia D'Orey",Patrícia D'Orey
"Exposição De Pintura,
Escultura E Cerâmica",08/12/2010,31/12/2011,"EXPOSIÇÃO DE PINTURA, ESCULTURA E CERÂMICA
","Ana Maria, Antónia Gomes, Armanda Passos, Clara Vicente, Daniel Gamelas, Emília Viana, Franchini, Gracinda Candeias, Jaime Isidoro, Jesus Castonon, João Carqueijeiro, João Cutileiro, João Noutel, Mafalda Mendonça, Mariana De Castro, Sousa Pereira"
Aeris,06/11/2010,04/12/2010,"""Gracinda Candeias, é uma pintora marcada pela consciência espacial que trouxe de África e com o contacto com o Oriente, compreendeu um outro espaço, percebeu o equilíbrio espacial que a levou para a consideração do espaço já não Africano nem Europeu e sim para um espaço diferente....
Em toda a sua pintura que é mais Oriental quanto possível numa pintora Ocidental, entendeu nas vivências espaciais e o que vem fazendo é considerada uma pintora original e que tem já o seu lugar na História da Pintura Portuguesa...""

José Augusto França",Gracinda Candeias
Tatuagens Da Alma,18/09/2010,30/10/2010,"Uma viagem pelas memórias indeléveis de outros tempos e espaços cujos símbolos nos marcam e permanecem no nosso tempo e espaço.
Viajamos no espaço e no tempo sem sabermos porque existimos e como existimos…
Pequenos fragmentos numa imensidão que não se vê, apenas separados uns dos outros por um invólucro que é a nossa pele que nos limita e condiciona como um casulo. Vemo-nos nascer, crescer, envelhecer , morrer sem nunca entendermos porquê ou para quê, porque simplesmente nos limitamos a existir. Viramos as esquinas da vida e de repente, uma imagem, um desejo, um sonho já vivido em algum lugar, em algum tempo, sabe-se lá onde, não sabemos, mas existiu .

Rita Pessanha",Rita Pessanha
Erro,18/09/2010,30/10/2010,"Um elogio ao ""Erro"" ou o que se interpreta por erro, à imprevisibilidade e às imperfeições. A distância entre aquilo que se prevê, o processo e o resultado, alimentado pela beleza do incerto. A beleza do Erro.
","Maria Helena E
João Bento Soares"
Exposição De Pintura E Colagens,10/07/2010,11/09/2010,"“Trata-se de uma estética que é absolutamente moderna e pertence já ao século XXI. Pertence sem dúvida ao Futuro.”
(Paulo Morais – Crítico de Arte; professor de “Problemas da Arte Contemporânea” na Escola Superior de Teatro e Cinema)
“A sensação “out of real” provém do mimetismo que povoa as suas obras, as personagens são credíveis no significado mas improváveis das mais inusitadas maneiras, surgindo com formatos quase alienígenas que se movem num espaço e tempo diferentes por entre a articulação de formas e cores provenientes da colagem e da pintura”.
(Sandra Archibald)

Paulo Morais e Sandra Archibald",Filipa Sottomayor
Exposição Colectiva ,10/07/2010,11/09/2010,"MOSTRA COLECTIVA DE PINTURA
DE ARTISTAS CONTEMPORÂNEOS","Ana Medeiros, Leonor Taborda, Mafalda Mendonça, Maria João Brito E Cunha, Maria Portugal, Patrícia D'Orey, Pedro Guimarães, Silva Lima"
Conversas No Ar,05/06/2010,03/07/2011,"Carta a uma jovem artista
O que se espera ver quando se vê pela primeira vez o portfolio de um jovem artista que nos elogiaram? Energia, alegria, velocidade de soluções, trabalho intenso e continuado... Tudo o que Filipa Saragga demonstra possuir – eu diria mesmo, tudo o que mostra desejar perseguir.
O que não importa que esse trabalho ainda revele? Alguma ingenuidade – porque sabemos (desde Almada) que a ingenuidade é matriz do espanto e que é o espanto que nos abre os olhos para o Mundo. Algum excesso de caminhos – porque sabemos que a curiosidade é a porta que nos tira da disciplina cega e nos ajuda a conquistar o Mundo. E, a um jovem artista, apenas se deve exigir que abra os olhos para (...)

João Pinharanda",Filipa Saragga
Oficina 2000&5,17/04/2010,29/05/2010,"Mostra colectiva de cerâmica de autor da OFICINA 2000&5
","Franchini, Moreira Da Silva, Emilia Viana, Sobral Centeno, Francisco Laranjo, Márcia Luças, Silvia Carreira, Albuquerque Mendes, Henrique Do Vale, João Carqueijeiro "
Série Corpos / Série Elas,17/04/2010,29/05/2010,"Em espaços de liberdade criativa assumidamente emotiva, em segredos de imagens que contaminam o esplendor da invenção artística, em rasgos de transcendência incontida espelhada em sucessivas explosões de sensações, Eduardo Verde Pinho doa-nos pinturas que não são passivas gotas de orvalho, mas torrencial chuva estética que emancipa a indiferença e projecta o observador na racionalização das próprias pulsões do inconsciente.
Desenhando directamente na tela as cores ao pincel, de forma que a linha é pintura e desenho em harmonia visual pura, Eduardo Verde Pinho procura, na primeira fase da sua obra, captar, com despreocupação de perfeição e sem tibiezas de estilo, a provocação arrojadamente (...)

Delfim Sousa",Eduardo Verde Pinho
Nadir Ou A Pintura Como Pura Sugestão,06/03/2010,10/04/2010,"É curioso, porém, compreender hoje de que modo a obra de Nadir evoluiu de novo no decurso das últimas duas décadas. De facto, tendo feito um longo percurso no campo de uma cada vez maior depuração formal, que se poderia quase entender como a passagem de um período analítico para um outro, de perfil mais sintético, a obra de Nadir pôde conhecer um novo momento de invenção plástica de que as suas obras recentes são testemunho.
Refiro-me à capacidade de passar desse registo abstracto que a definiu durante algumas décadas para um outro, de mais incerta classificação, em que podemos voltar a ter uma vertigem de figuração. Chamo-lhe ""vertigem"" precisamente porque se trata do emprego propositado (...)

Bernardo Pinto de Almeida",Nadir Afonso